FileSearcher.kt,ComparisonResult.kt,0.04622678783089688
LongestCommonSubsequence.kt,ComparisonResult.kt,0.1275820170109356
LongestCommonSubsequence.kt,FileSearcher.kt,0.32106402721930094
ResultsFileWriter.kt,ComparisonResult.kt,0.18197278911564627
ResultsFileWriter.kt,FileSearcher.kt,0.2591727818545697
ResultsFileWriter.kt,LongestCommonSubsequence.kt,0.3434108527131783
UserInterface.kt,ComparisonResult.kt,0.04980121364302155
UserInterface.kt,FileSearcher.kt,0.4581727263256589
UserInterface.kt,LongestCommonSubsequence.kt,0.3276726508167556
UserInterface.kt,ResultsFileWriter.kt,0.2653597059338351
